"filename", "language", "PHP", "HTML", "JavaScript", "CSS", "JSON", "XML", "YAML", "Markdown", "comment", "blank", "total"
"c:\laragon\www\rhtabiat\.idea\codeStyles\codeStyleConfig.xml", "XML", 0, 0, 0, 0, 0, 5, 0, 0, 0, 0, 5
"c:\laragon\www\rhtabiat\.idea\inspectionProfiles\Project_Default.xml", "XML", 0, 0, 0, 0, 0, 25, 0, 0, 0, 0, 25
"c:\laragon\www\rhtabiat\.idea\laravel-plugin.xml", "XML", 0, 0, 0, 0, 0, 8, 0, 0, 0, 0, 8
"c:\laragon\www\rhtabiat\.idea\modules.xml", "XML", 0, 0, 0, 0, 0, 8, 0, 0, 0, 0, 8
"c:\laragon\www\rhtabiat\.idea\php.xml", "XML", 0, 0, 0, 0, 0, 155, 0, 0, 0, 0, 155
"c:\laragon\www\rhtabiat\.idea\phpunit.xml", "XML", 0, 0, 0, 0, 0, 11, 0, 0, 0, 0, 11
"c:\laragon\www\rhtabiat\.idea\rhtabiat.iml", "XML", 0, 0, 0, 0, 0, 158, 0, 0, 0, 0, 158
"c:\laragon\www\rhtabiat\.idea\vcs.xml", "XML", 0, 0, 0, 0, 0, 6, 0, 0, 0, 0, 6
"c:\laragon\www\rhtabiat\.phpstorm.meta.php", "PHP", 2090, 0, 0, 0, 0, 0, 0, 0, 7, 6, 2103
"c:\laragon\www\rhtabiat\.styleci.yml", "YAML", 0, 0, 0, 0, 0, 0, 13, 0, 0, 1, 14
"c:\laragon\www\rhtabiat\README.md", "Markdown", 0, 0, 0, 0, 0, 0, 0, 42, 0, 21, 63
"c:\laragon\www\rhtabiat\_ide_helper.php", "PHP", 5937, 0, 0, 0, 0, 0, 0, 0, 12559, 278, 18774
"c:\laragon\www\rhtabiat\_ide_helper_models.php", "PHP", 4, 0, 0, 0, 0, 0, 0, 0, 63, 5, 72
"c:\laragon\www\rhtabiat\app\Actions\EvaluatePromoCodeAction.php", "PHP", 25, 0, 0, 0, 0, 0, 0, 0, 2, 10, 37
"c:\laragon\www\rhtabiat\app\Actions\TranslateProductUnitsAction.php", "PHP", 16, 0, 0, 0, 0, 0, 0, 0, 0, 7, 23
"c:\laragon\www\rhtabiat\app\Console\Kernel.php", "PHP", 41, 0, 0, 0, 0, 0, 0, 0, 17, 7, 65
"c:\laragon\www\rhtabiat\app\Events\OrderCreated.php", "PHP", 23, 0, 0, 0, 0, 0, 0, 0, 10, 7, 40
"c:\laragon\www\rhtabiat\app\Events\UserRegisterAttempted.php", "PHP", 16, 0, 0, 0, 0, 0, 0, 0, 5, 7, 28
"c:\laragon\www\rhtabiat\app\Exceptions\Handler.php", "PHP", 40, 0, 0, 0, 0, 0, 0, 0, 19, 11, 70
"c:\laragon\www\rhtabiat\app\Exceptions\NotUsablePromoCodeException.php", "PHP", 10, 0, 0, 0, 0, 0, 0, 0, 0, 4, 14
"c:\laragon\www\rhtabiat\app\Http\Controllers\AddressController.php", "PHP", 38, 0, 0, 0, 0, 0, 0, 0, 0, 9, 47
"c:\laragon\www\rhtabiat\app\Http\Controllers\AdminController.php", "PHP", 103, 0, 0, 0, 0, 0, 0, 0, 34, 14, 151
"c:\laragon\www\rhtabiat\app\Http\Controllers\Admin\AdminController.php", "PHP", 11, 0, 0, 0, 0, 0, 0, 0, 0, 4, 15
"c:\laragon\www\rhtabiat\app\Http\Controllers\Admin\AdminLoginController.php", "PHP", 19, 0, 0, 0, 0, 0, 0, 0, 5, 4, 28
"c:\laragon\www\rhtabiat\app\Http\Controllers\Admin\ArticleCategoryController.php", "PHP", 32, 0, 0, 0, 0, 0, 0, 0, 0, 8, 40
"c:\laragon\www\rhtabiat\app\Http\Controllers\Admin\ArticleController.php", "PHP", 42, 0, 0, 0, 0, 0, 0, 0, 0, 6, 48
"c:\laragon\www\rhtabiat\app\Http\Controllers\Admin\BannerController.php", "PHP", 28, 0, 0, 0, 0, 0, 0, 0, 0, 10, 38
"c:\laragon\www\rhtabiat\app\Http\Controllers\Admin\CommentController.php", "PHP", 22, 0, 0, 0, 0, 0, 0, 0, 3, 6, 31
"c:\laragon\www\rhtabiat\app\Http\Controllers\Admin\OrderController.php", "PHP", 41, 0, 0, 0, 0, 0, 0, 0, 1, 8, 50
"c:\laragon\www\rhtabiat\app\Http\Controllers\Admin\ProductCategoryController.php", "PHP", 25, 0, 0, 0, 0, 0, 0, 0, 0, 6, 31
"c:\laragon\www\rhtabiat\app\Http\Controllers\Admin\ProductController.php", "PHP", 32, 0, 0, 0, 0, 0, 0, 0, 0, 8, 40
"c:\laragon\www\rhtabiat\app\Http\Controllers\Admin\UpdateCommentStatus.php", "PHP", 17, 0, 0, 0, 0, 0, 0, 0, 0, 5, 22
"c:\laragon\www\rhtabiat\app\Http\Controllers\AuthController.php", "PHP", 22, 0, 0, 0, 0, 0, 0, 0, 2, 4, 28
"c:\laragon\www\rhtabiat\app\Http\Controllers\BestSellingProductController.php", "PHP", 13, 0, 0, 0, 0, 0, 0, 0, 0, 4, 17
"c:\laragon\www\rhtabiat\app\Http\Controllers\Blog\ArticleCategoryController.php", "PHP", 11, 0, 0, 0, 0, 0, 0, 0, 0, 4, 15
"c:\laragon\www\rhtabiat\app\Http\Controllers\Blog\ArticleController.php", "PHP", 27, 0, 0, 0, 0, 0, 0, 0, 0, 8, 35
"c:\laragon\www\rhtabiat\app\Http\Controllers\Blog\ArticleRelatedArticleController.php", "PHP", 17, 0, 0, 0, 0, 0, 0, 0, 0, 4, 21
"c:\laragon\www\rhtabiat\app\Http\Controllers\Blog\GetArticleRelatedProductsController.php", "PHP", 16, 0, 0, 0, 0, 0, 0, 0, 0, 6, 22
"c:\laragon\www\rhtabiat\app\Http\Controllers\CartController.php", "PHP", 14, 0, 0, 0, 0, 0, 0, 0, 0, 5, 19
"c:\laragon\www\rhtabiat\app\Http\Controllers\CategoryController.php", "PHP", 46, 0, 0, 0, 0, 0, 0, 0, 0, 10, 56
"c:\laragon\www\rhtabiat\app\Http\Controllers\Controller.php", "PHP", 10, 0, 0, 0, 0, 0, 0, 0, 0, 4, 14
"c:\laragon\www\rhtabiat\app\Http\Controllers\Shop\BannerController.php", "PHP", 30, 0, 0, 0, 0, 0, 0, 0, 0, 10, 40
"c:\laragon\www\rhtabiat\app\Http\Controllers\Shop\DiscountCodeController.php", "PHP", 41, 0, 0, 0, 0, 0, 0, 0, 0, 7, 48
"c:\laragon\www\rhtabiat\app\Http\Controllers\Shop\EvaluatePromoCodeController.php", "PHP", 24, 0, 0, 0, 0, 0, 0, 0, 0, 5, 29
"c:\laragon\www\rhtabiat\app\Http\Controllers\Shop\GetOrderDeliveryCostFormulaController.php", "PHP", 28, 0, 0, 0, 0, 0, 0, 0, 0, 7, 35
"c:\laragon\www\rhtabiat\app\Http\Controllers\Shop\GetProductItems.php", "PHP", 23, 0, 0, 0, 0, 0, 0, 0, 0, 5, 28
"c:\laragon\www\rhtabiat\app\Http\Controllers\Shop\GetProductUnitsController.php", "PHP", 10, 0, 0, 0, 0, 0, 0, 0, 0, 4, 14
"c:\laragon\www\rhtabiat\app\Http\Controllers\Shop\GetSimilarProducts.php", "PHP", 12, 0, 0, 0, 0, 0, 0, 0, 0, 4, 16
"c:\laragon\www\rhtabiat\app\Http\Controllers\Shop\GetTestimonials.php", "PHP", 14, 0, 0, 0, 0, 0, 0, 0, 0, 4, 18
"c:\laragon\www\rhtabiat\app\Http\Controllers\Shop\ImageController.php", "PHP", 64, 0, 0, 0, 0, 0, 0, 0, 0, 12, 76
"c:\laragon\www\rhtabiat\app\Http\Controllers\Shop\IndexBannerLocation.php", "PHP", 11, 0, 0, 0, 0, 0, 0, 0, 0, 4, 15
"c:\laragon\www\rhtabiat\app\Http\Controllers\Shop\IndexBestSellingProduct.php", "PHP", 16, 0, 0, 0, 0, 0, 0, 0, 0, 4, 20
"c:\laragon\www\rhtabiat\app\Http\Controllers\Shop\IndexSpecialProduct.php", "PHP", 14, 0, 0, 0, 0, 0, 0, 0, 0, 4, 18
"c:\laragon\www\rhtabiat\app\Http\Controllers\Shop\OrderController.php", "PHP", 26, 0, 0, 0, 0, 0, 0, 0, 8, 10, 44
"c:\laragon\www\rhtabiat\app\Http\Controllers\Shop\ProductCategoryController.php", "PHP", 16, 0, 0, 0, 0, 0, 0, 0, 0, 5, 21
"c:\laragon\www\rhtabiat\app\Http\Controllers\Shop\ProductController.php", "PHP", 39, 0, 0, 0, 0, 0, 0, 0, 7, 14, 60
"c:\laragon\www\rhtabiat\app\Http\Controllers\Shop\PromoCodeController.php", "PHP", 40, 0, 0, 0, 0, 0, 0, 0, 30, 12, 82
"c:\laragon\www\rhtabiat\app\Http\Controllers\Shop\RejectOrderController.php", "PHP", 17, 0, 0, 0, 0, 0, 0, 0, 0, 4, 21
"c:\laragon\www\rhtabiat\app\Http\Controllers\Shop\ReturnRequestController.php", "PHP", 27, 0, 0, 0, 0, 0, 0, 0, 0, 8, 35
"c:\laragon\www\rhtabiat\app\Http\Controllers\Shop\UpdateOrderDeliveryCodeController.php", "PHP", 18, 0, 0, 0, 0, 0, 0, 0, 7, 6, 31
"c:\laragon\www\rhtabiat\app\Http\Controllers\Shop\UpdateOrderStatusController.php", "PHP", 19, 0, 0, 0, 0, 0, 0, 0, 8, 7, 34
"c:\laragon\www\rhtabiat\app\Http\Controllers\UserController.php", "PHP", 50, 0, 0, 0, 0, 0, 0, 0, 16, 10, 76
"c:\laragon\www\rhtabiat\app\Http\Controllers\UserDetailController.php", "PHP", 18, 0, 0, 0, 0, 0, 0, 0, 0, 7, 25
"c:\laragon\www\rhtabiat\app\Http\Controllers\UserLoginController.php", "PHP", 19, 0, 0, 0, 0, 0, 0, 0, 0, 4, 23
"c:\laragon\www\rhtabiat\app\Http\Controllers\User\AddressController.php", "PHP", 32, 0, 0, 0, 0, 0, 0, 0, 22, 8, 62
"c:\laragon\www\rhtabiat\app\Http\Controllers\User\CartItemController.php", "PHP", 51, 0, 0, 0, 0, 0, 0, 0, 0, 12, 63
"c:\laragon\www\rhtabiat\app\Http\Controllers\User\CommentController.php", "PHP", 16, 0, 0, 0, 0, 0, 0, 0, 0, 5, 21
"c:\laragon\www\rhtabiat\app\Http\Controllers\User\CreateGuest.php", "PHP", 14, 0, 0, 0, 0, 0, 0, 0, 0, 6, 20
"c:\laragon\www\rhtabiat\app\Http\Controllers\User\GetOrderDeliveryCostFormula.php", "PHP", 19, 0, 0, 0, 0, 0, 0, 0, 0, 4, 23
"c:\laragon\www\rhtabiat\app\Http\Controllers\User\GetOrderStatus.php", "PHP", 30, 0, 0, 0, 0, 0, 0, 0, 0, 4, 34
"c:\laragon\www\rhtabiat\app\Http\Controllers\User\GuestOrderController.php", "PHP", 76, 0, 0, 0, 0, 0, 0, 0, 3, 11, 90
"c:\laragon\www\rhtabiat\app\Http\Controllers\User\IndexCities.php", "PHP", 11, 0, 0, 0, 0, 0, 0, 0, 0, 4, 15
"c:\laragon\www\rhtabiat\app\Http\Controllers\User\IndexProvinces.php", "PHP", 11, 0, 0, 0, 0, 0, 0, 0, 0, 4, 15
"c:\laragon\www\rhtabiat\app\Http\Controllers\User\LogController.php", "PHP", 16, 0, 0, 0, 0, 0, 0, 0, 0, 6, 22
"c:\laragon\www\rhtabiat\app\Http\Controllers\User\LoginUser.php", "PHP", 20, 0, 0, 0, 0, 0, 0, 0, 7, 6, 33
"c:\laragon\www\rhtabiat\app\Http\Controllers\User\MessageController.php", "PHP", 22, 0, 0, 0, 0, 0, 0, 0, 4, 8, 34
"c:\laragon\www\rhtabiat\app\Http\Controllers\User\NotifyUserForOrder.php", "PHP", 17, 0, 0, 0, 0, 0, 0, 0, 0, 5, 22
"c:\laragon\www\rhtabiat\app\Http\Controllers\User\OrderController.php", "PHP", 50, 0, 0, 0, 0, 0, 0, 0, 0, 8, 58
"c:\laragon\www\rhtabiat\app\Http\Controllers\User\TrackOrder.php", "PHP", 15, 0, 0, 0, 0, 0, 0, 0, 0, 5, 20
"c:\laragon\www\rhtabiat\app\Http\Controllers\User\TransactionController.php", "PHP", 76, 0, 0, 0, 0, 0, 0, 0, 4, 13, 93
"c:\laragon\www\rhtabiat\app\Http\Controllers\User\UpdateUserPassword.php", "PHP", 29, 0, 0, 0, 0, 0, 0, 0, 6, 9, 44
"c:\laragon\www\rhtabiat\app\Http\Controllers\User\UserController.php", "PHP", 29, 0, 0, 0, 0, 0, 0, 0, 0, 7, 36
"c:\laragon\www\rhtabiat\app\Http\Controllers\User\UserDetailController.php", "PHP", 17, 0, 0, 0, 0, 0, 0, 0, 0, 6, 23
"c:\laragon\www\rhtabiat\app\Http\Controllers\User\UserGetSelf.php", "PHP", 11, 0, 0, 0, 0, 0, 0, 0, 0, 4, 15
"c:\laragon\www\rhtabiat\app\Http\Controllers\User\VerificationCodeController.php", "PHP", 20, 0, 0, 0, 0, 0, 0, 0, 0, 4, 24
"c:\laragon\www\rhtabiat\app\Http\Controllers\User\VerifyOrder.php", "PHP", 68, 0, 0, 0, 0, 0, 0, 0, 3, 9, 80
"c:\laragon\www\rhtabiat\app\Http\Kernel.php", "PHP", 40, 0, 0, 0, 0, 0, 0, 0, 21, 7, 68
"c:\laragon\www\rhtabiat\app\Http\Middleware\Authenticate.php", "PHP", 10, 0, 0, 0, 0, 0, 0, 0, 6, 4, 20
"c:\laragon\www\rhtabiat\app\Http\Middleware\CheckAdminRole.php", "PHP", 12, 0, 0, 0, 0, 0, 0, 0, 8, 4, 24
"c:\laragon\www\rhtabiat\app\Http\Middleware\EncryptCookies.php", "PHP", 8, 0, 0, 0, 0, 0, 0, 0, 6, 4, 18
"c:\laragon\www\rhtabiat\app\Http\Middleware\PreventRequestsDuringMaintenance.php", "PHP", 8, 0, 0, 0, 0, 0, 0, 0, 6, 4, 18
"c:\laragon\www\rhtabiat\app\Http\Middleware\RedirectIfAuthenticated.php", "PHP", 19, 0, 0, 0, 0, 0, 0, 0, 8, 6, 33
"c:\laragon\www\rhtabiat\app\Http\Middleware\TrimStrings.php", "PHP", 11, 0, 0, 0, 0, 0, 0, 0, 5, 4, 20
"c:\laragon\www\rhtabiat\app\Http\Middleware\TrustHosts.php", "PHP", 12, 0, 0, 0, 0, 0, 0, 0, 5, 4, 21
"c:\laragon\www\rhtabiat\app\Http\Middleware\TrustProxies.php", "PHP", 9, 0, 0, 0, 0, 0, 0, 0, 10, 5, 24
"c:\laragon\www\rhtabiat\app\Http\Middleware\VerifyCsrfToken.php", "PHP", 8, 0, 0, 0, 0, 0, 0, 0, 6, 4, 18
"c:\laragon\www\rhtabiat\app\Http\Requests\AdminStoreOrderRequest.php", "PHP", 21, 0, 0, 0, 0, 0, 0, 0, 0, 4, 25
"c:\laragon\www\rhtabiat\app\Http\Requests\CalcDeliveryCost.php", "PHP", 14, 0, 0, 0, 0, 0, 0, 0, 0, 4, 18
"c:\laragon\www\rhtabiat\app\Http\Requests\EvaluatePromoCodeRequest.php", "PHP", 20, 0, 0, 0, 0, 0, 0, 0, 0, 5, 25
"c:\laragon\www\rhtabiat\app\Http\Requests\IndexArticleRequest.php", "PHP", 18, 0, 0, 0, 0, 0, 0, 0, 0, 5, 23
"c:\laragon\www\rhtabiat\app\Http\Requests\IndexProductRequest.php", "PHP", 20, 0, 0, 0, 0, 0, 0, 0, 0, 5, 25
"c:\laragon\www\rhtabiat\app\Http\Requests\LoginUserRequest.php", "PHP", 21, 0, 0, 0, 0, 0, 0, 0, 6, 5, 32
"c:\laragon\www\rhtabiat\app\Http\Requests\RegisterUserRequest.php", "PHP", 18, 0, 0, 0, 0, 0, 0, 0, 0, 5, 23
"c:\laragon\www\rhtabiat\app\Http\Requests\SaveAddressRequest.php", "PHP", 23, 0, 0, 0, 0, 0, 0, 0, 0, 5, 28
"c:\laragon\www\rhtabiat\app\Http\Requests\SaveBannerRequest.php", "PHP", 30, 0, 0, 0, 0, 0, 0, 0, 0, 6, 36
"c:\laragon\www\rhtabiat\app\Http\Requests\SaveOrderRequest.php", "PHP", 28, 0, 0, 0, 0, 0, 0, 0, 0, 5, 33
"c:\laragon\www\rhtabiat\app\Http\Requests\StoreArticleRequest.php", "PHP", 35, 0, 0, 0, 0, 0, 0, 0, 0, 5, 40
"c:\laragon\www\rhtabiat\app\Http\Requests\StoreBannerRequest.php", "PHP", 20, 0, 0, 0, 0, 0, 0, 0, 5, 5, 30
"c:\laragon\www\rhtabiat\app\Http\Requests\StoreCartProduct.php", "PHP", 32, 0, 0, 0, 0, 0, 0, 0, 10, 5, 47
"c:\laragon\www\rhtabiat\app\Http\Requests\StoreComment.php", "PHP", 39, 0, 0, 0, 0, 0, 0, 0, 0, 5, 44
"c:\laragon\www\rhtabiat\app\Http\Requests\StoreDiscountCodeRequest.php", "PHP", 20, 0, 0, 0, 0, 0, 0, 0, 0, 4, 24
"c:\laragon\www\rhtabiat\app\Http\Requests\StoreGuestOrderRequest.php", "PHP", 62, 0, 0, 0, 0, 0, 0, 0, 0, 7, 69
"c:\laragon\www\rhtabiat\app\Http\Requests\StoreImageRequest.php", "PHP", 23, 0, 0, 0, 0, 0, 0, 0, 0, 5, 28
"c:\laragon\www\rhtabiat\app\Http\Requests\StoreMessageRequest.php", "PHP", 24, 0, 0, 0, 0, 0, 0, 0, 0, 5, 29
"c:\laragon\www\rhtabiat\app\Http\Requests\StoreOrder.php", "PHP", 75, 0, 0, 0, 0, 0, 0, 0, 22, 7, 104
"c:\laragon\www\rhtabiat\app\Http\Requests\StoreProductCategoryRequest.php", "PHP", 24, 0, 0, 0, 0, 0, 0, 0, 0, 5, 29
"c:\laragon\www\rhtabiat\app\Http\Requests\StoreProductRequest.php", "PHP", 36, 0, 0, 0, 0, 0, 0, 0, 0, 4, 40
"c:\laragon\www\rhtabiat\app\Http\Requests\StorePromoCodeRequest.php", "PHP", 37, 0, 0, 0, 0, 0, 0, 0, 5, 5, 47
"c:\laragon\www\rhtabiat\app\Http\Requests\StoreReturnRequestRequest.php", "PHP", 16, 0, 0, 0, 0, 0, 0, 0, 5, 4, 25
"c:\laragon\www\rhtabiat\app\Http\Requests\StoreTransactionRequest.php", "PHP", 37, 0, 0, 0, 0, 0, 0, 0, 10, 6, 53
"c:\laragon\www\rhtabiat\app\Http\Requests\StoreUserDetailRequest.php", "PHP", 25, 0, 0, 0, 0, 0, 0, 0, 0, 5, 30
"c:\laragon\www\rhtabiat\app\Http\Requests\TrackOrder.php", "PHP", 26, 0, 0, 0, 0, 0, 0, 0, 0, 5, 31
"c:\laragon\www\rhtabiat\app\Http\Requests\UpdateBannerRequest.php", "PHP", 20, 0, 0, 0, 0, 0, 0, 0, 5, 5, 30
"c:\laragon\www\rhtabiat\app\Http\Requests\UpdateCommentStatus.php", "PHP", 21, 0, 0, 0, 0, 0, 0, 0, 0, 4, 25
"c:\laragon\www\rhtabiat\app\Http\Requests\UpdateImageRequest.php", "PHP", 37, 0, 0, 0, 0, 0, 0, 0, 0, 6, 43
"c:\laragon\www\rhtabiat\app\Http\Requests\UpdateProductCategoryRequest.php", "PHP", 29, 0, 0, 0, 0, 0, 0, 0, 0, 5, 34
"c:\laragon\www\rhtabiat\app\Http\Requests\UpdateProductRequest.php", "PHP", 43, 0, 0, 0, 0, 0, 0, 0, 0, 4, 47
"c:\laragon\www\rhtabiat\app\Http\Requests\VerifyOrderRequest.php", "PHP", 25, 0, 0, 0, 0, 0, 0, 0, 0, 4, 29
"c:\laragon\www\rhtabiat\app\Http\Resources\AddressResource.php", "PHP", 20, 0, 0, 0, 0, 0, 0, 0, 0, 4, 24
"c:\laragon\www\rhtabiat\app\Http\Resources\AdminResource.php", "PHP", 14, 0, 0, 0, 0, 0, 0, 0, 0, 4, 18
"c:\laragon\www\rhtabiat\app\Http\Resources\ArticleResource.php", "PHP", 21, 0, 0, 0, 0, 0, 0, 0, 0, 4, 25
"c:\laragon\www\rhtabiat\app\Http\Resources\BannerResource.php", "PHP", 15, 0, 0, 0, 0, 0, 0, 0, 0, 4, 19
"c:\laragon\www\rhtabiat\app\Http\Resources\CartResource.php", "PHP", 13, 0, 0, 0, 0, 0, 0, 0, 0, 4, 17
"c:\laragon\www\rhtabiat\app\Http\Resources\CategoryResource.php", "PHP", 18, 0, 0, 0, 0, 0, 0, 0, 0, 4, 22
"c:\laragon\www\rhtabiat\app\Http\Resources\CityResource.php", "PHP", 13, 0, 0, 0, 0, 0, 0, 0, 6, 4, 23
"c:\laragon\www\rhtabiat\app\Http\Resources\CommentResource.php", "PHP", 25, 0, 0, 0, 0, 0, 0, 0, 0, 12, 37
"c:\laragon\www\rhtabiat\app\Http\Resources\ContactResource.php", "PHP", 17, 0, 0, 0, 0, 0, 0, 0, 0, 4, 21
"c:\laragon\www\rhtabiat\app\Http\Resources\GuestResource.php", "PHP", 21, 0, 0, 0, 0, 0, 0, 0, 6, 4, 31
"c:\laragon\www\rhtabiat\app\Http\Resources\ImageCollectionResource.php", "PHP", 16, 0, 0, 0, 0, 0, 0, 0, 0, 4, 20
"c:\laragon\www\rhtabiat\app\Http\Resources\ImageResource.php", "PHP", 20, 0, 0, 0, 0, 0, 0, 0, 0, 4, 24
"c:\laragon\www\rhtabiat\app\Http\Resources\IndexProduct.php", "PHP", 22, 0, 0, 0, 0, 0, 0, 0, 0, 4, 26
"c:\laragon\www\rhtabiat\app\Http\Resources\OrderResource.php", "PHP", 22, 0, 0, 0, 0, 0, 0, 0, 1, 4, 27
"c:\laragon\www\rhtabiat\app\Http\Resources\PosterResource.php", "PHP", 12, 0, 0, 0, 0, 0, 0, 0, 0, 4, 16
"c:\laragon\www\rhtabiat\app\Http\Resources\ProductCategoryResource.php", "PHP", 24, 0, 0, 0, 0, 0, 0, 0, 0, 4, 28
"c:\laragon\www\rhtabiat\app\Http\Resources\ProductCollection.php", "PHP", 18, 0, 0, 0, 0, 0, 0, 0, 6, 4, 28
"c:\laragon\www\rhtabiat\app\Http\Resources\ProductContainerItemResource.php", "PHP", 13, 0, 0, 0, 0, 0, 0, 0, 6, 4, 23
"c:\laragon\www\rhtabiat\app\Http\Resources\ProductFeatureResource.php", "PHP", 22, 0, 0, 0, 0, 0, 0, 0, 1, 4, 27
"c:\laragon\www\rhtabiat\app\Http\Resources\ProductItemResource.php", "PHP", 23, 0, 0, 0, 0, 0, 0, 0, 0, 4, 27
"c:\laragon\www\rhtabiat\app\Http\Resources\ProductResource.php", "PHP", 34, 0, 0, 0, 0, 0, 0, 0, 1, 5, 40
"c:\laragon\www\rhtabiat\app\Http\Resources\ProvinceResource.php", "PHP", 13, 0, 0, 0, 0, 0, 0, 0, 6, 4, 23
"c:\laragon\www\rhtabiat\app\Http\Resources\SingleArticleResource.php", "PHP", 24, 0, 0, 0, 0, 0, 0, 0, 0, 4, 28
"c:\laragon\www\rhtabiat\app\Http\Resources\SingleProductResource.php", "PHP", 24, 0, 0, 0, 0, 0, 0, 0, 0, 13, 37
"c:\laragon\www\rhtabiat\app\Http\Resources\UserDetailResource.php", "PHP", 14, 0, 0, 0, 0, 0, 0, 0, 0, 4, 18
"c:\laragon\www\rhtabiat\app\Http\Resources\UserResource.php", "PHP", 15, 0, 0, 0, 0, 0, 0, 0, 0, 4, 19
"c:\laragon\www\rhtabiat\app\Jobs\CreateTransaction.php", "PHP", 57, 0, 0, 0, 0, 0, 0, 0, 10, 10, 77
"c:\laragon\www\rhtabiat\app\Jobs\EmptyCart.php", "PHP", 19, 0, 0, 0, 0, 0, 0, 0, 10, 7, 36
"c:\laragon\www\rhtabiat\app\Jobs\NotifyViaSms.php", "PHP", 42, 0, 0, 0, 0, 0, 0, 0, 6, 11, 59
"c:\laragon\www\rhtabiat\app\Listeners\SendSMSNotification.php", "PHP", 15, 0, 0, 0, 0, 0, 0, 0, 12, 5, 32
"c:\laragon\www\rhtabiat\app\Listeners\SendVerificationCodeViaSMS.php", "PHP", 15, 0, 0, 0, 0, 0, 0, 0, 6, 4, 25
"c:\laragon\www\rhtabiat\app\Models\Address.php", "PHP", 37, 0, 0, 0, 0, 0, 0, 0, 38, 10, 85
"c:\laragon\www\rhtabiat\app\Models\Admin.php", "PHP", 58, 0, 0, 0, 0, 0, 0, 0, 16, 16, 90
"c:\laragon\www\rhtabiat\app\Models\Article.php", "PHP", 70, 0, 0, 0, 0, 0, 0, 0, 0, 13, 83
"c:\laragon\www\rhtabiat\app\Models\ArticleCategory.php", "PHP", 20, 0, 0, 0, 0, 0, 0, 0, 0, 8, 28
"c:\laragon\www\rhtabiat\app\Models\Banner.php", "PHP", 30, 0, 0, 0, 0, 0, 0, 0, 4, 10, 44
"c:\laragon\www\rhtabiat\app\Models\Cart.php", "PHP", 40, 0, 0, 0, 0, 0, 0, 0, 20, 7, 67
"c:\laragon\www\rhtabiat\app\Models\City.php", "PHP", 10, 0, 0, 0, 0, 0, 0, 0, 0, 6, 16
"c:\laragon\www\rhtabiat\app\Models\Comment.php", "PHP", 66, 0, 0, 0, 0, 0, 0, 0, 34, 14, 114
"c:\laragon\www\rhtabiat\app\Models\DiscountCode.php", "PHP", 61, 0, 0, 0, 0, 0, 0, 0, 5, 12, 78
"c:\laragon\www\rhtabiat\app\Models\DiscountCodeGroup.php", "PHP", 13, 0, 0, 0, 0, 0, 0, 0, 0, 7, 20
"c:\laragon\www\rhtabiat\app\Models\GuestOrder.php", "PHP", 32, 0, 0, 0, 0, 0, 0, 0, 0, 9, 41
"c:\laragon\www\rhtabiat\app\Models\Image.php", "PHP", 99, 0, 0, 0, 0, 0, 0, 0, 31, 19, 149
"c:\laragon\www\rhtabiat\app\Models\Log.php", "PHP", 10, 0, 0, 0, 0, 0, 0, 0, 0, 5, 15
"c:\laragon\www\rhtabiat\app\Models\Message.php", "PHP", 16, 0, 0, 0, 0, 0, 0, 0, 21, 7, 44
"c:\laragon\www\rhtabiat\app\Models\Order.php", "PHP", 162, 0, 0, 0, 0, 0, 0, 0, 40, 28, 230
"c:\laragon\www\rhtabiat\app\Models\Phone.php", "PHP", 16, 0, 0, 0, 0, 0, 0, 0, 16, 7, 39
"c:\laragon\www\rhtabiat\app\Models\Product.php", "PHP", 204, 0, 0, 0, 0, 0, 0, 0, 47, 49, 300
"c:\laragon\www\rhtabiat\app\Models\ProductCategory.php", "PHP", 34, 0, 0, 0, 0, 0, 0, 0, 0, 11, 45
"c:\laragon\www\rhtabiat\app\Models\ProductItem.php", "PHP", 38, 0, 0, 0, 0, 0, 0, 0, 0, 9, 47
"c:\laragon\www\rhtabiat\app\Models\PromoCode.php", "PHP", 54, 0, 0, 0, 0, 0, 0, 0, 15, 16, 85
"c:\laragon\www\rhtabiat\app\Models\Province.php", "PHP", 10, 0, 0, 0, 0, 0, 0, 0, 0, 6, 16
"c:\laragon\www\rhtabiat\app\Models\ReturnRequest.php", "PHP", 20, 0, 0, 0, 0, 0, 0, 0, 0, 7, 27
"c:\laragon\www\rhtabiat\app\Models\Transaction.php", "PHP", 33, 0, 0, 0, 0, 0, 0, 0, 25, 9, 67
"c:\laragon\www\rhtabiat\app\Models\User.php", "PHP", 79, 0, 0, 0, 0, 0, 0, 0, 25, 18, 122
"c:\laragon\www\rhtabiat\app\Models\UserDetail.php", "PHP", 20, 0, 0, 0, 0, 0, 0, 0, 22, 10, 52
"c:\laragon\www\rhtabiat\app\Models\VerificationCode.php", "PHP", 31, 0, 0, 0, 0, 0, 0, 0, 0, 11, 42
"c:\laragon\www\rhtabiat\app\Providers\AppServiceProvider.php", "PHP", 12, 0, 0, 0, 0, 0, 0, 0, 12, 5, 29
"c:\laragon\www\rhtabiat\app\Providers\AuthServiceProvider.php", "PHP", 20, 0, 0, 0, 0, 0, 0, 0, 11, 6, 37
"c:\laragon\www\rhtabiat\app\Providers\BroadcastServiceProvider.php", "PHP", 12, 0, 0, 0, 0, 0, 0, 0, 5, 5, 22
"c:\laragon\www\rhtabiat\app\Providers\EventServiceProvider.php", "PHP", 19, 0, 0, 0, 0, 0, 0, 0, 16, 6, 41
"c:\laragon\www\rhtabiat\app\Providers\OrderServiceProvider.php", "PHP", 16, 0, 0, 0, 0, 0, 0, 0, 1, 5, 22
"c:\laragon\www\rhtabiat\app\Providers\RouteServiceProvider.php", "PHP", 42, 0, 0, 0, 0, 0, 0, 0, 30, 11, 83
"c:\laragon\www\rhtabiat\app\Scopes\LatestScope.php", "PHP", 12, 0, 0, 0, 0, 0, 0, 0, 0, 4, 16
"c:\laragon\www\rhtabiat\app\Services\AuthService.php", "PHP", 17, 0, 0, 0, 0, 0, 0, 0, 7, 4, 28
"c:\laragon\www\rhtabiat\app\Services\CalcOrderDeliveryCostService.php", "PHP", 16, 0, 0, 0, 0, 0, 0, 0, 0, 6, 22
"c:\laragon\www\rhtabiat\app\Services\DiscountCodeService.php", "PHP", 23, 0, 0, 0, 0, 0, 0, 0, 0, 8, 31
"c:\laragon\www\rhtabiat\app\Services\InitiateWithZarinpalService.php", "PHP", 30, 0, 0, 0, 0, 0, 0, 0, 0, 5, 35
"c:\laragon\www\rhtabiat\app\Services\OrderService.php", "PHP", 83, 0, 0, 0, 0, 0, 0, 0, 3, 10, 96
"c:\laragon\www\rhtabiat\app\Services\ProductService.php", "PHP", 135, 0, 0, 0, 0, 0, 0, 0, 13, 16, 164
"c:\laragon\www\rhtabiat\app\Services\TransactionService.php", "PHP", 49, 0, 0, 0, 0, 0, 0, 0, 0, 8, 57
"c:\laragon\www\rhtabiat\app\Services\UserService.php", "PHP", 28, 0, 0, 0, 0, 0, 0, 0, 0, 6, 34
"c:\laragon\www\rhtabiat\app\Services\ValidateGuestOrderService.php", "PHP", 30, 0, 0, 0, 0, 0, 0, 0, 0, 9, 39
"c:\laragon\www\rhtabiat\app\Services\ValidateOrderItemQuantityService.php", "PHP", 14, 0, 0, 0, 0, 0, 0, 0, 0, 7, 21
"c:\laragon\www\rhtabiat\app\Services\VerifyZarinpalService.php", "PHP", 25, 0, 0, 0, 0, 0, 0, 0, 0, 5, 30
"c:\laragon\www\rhtabiat\app\Traits\HasImage.php", "PHP", 22, 0, 0, 0, 0, 0, 0, 0, 0, 5, 27
"c:\laragon\www\rhtabiat\app\Traits\HasPersianDate.php", "PHP", 86, 0, 0, 0, 0, 0, 0, 0, 0, 8, 94
"c:\laragon\www\rhtabiat\app\Traits\Sluggable.php", "PHP", 10, 0, 0, 0, 0, 0, 0, 0, 0, 4, 14
"c:\laragon\www\rhtabiat\app\helpers.php", "PHP", 37, 0, 0, 0, 0, 0, 0, 0, 0, 11, 48
"c:\laragon\www\rhtabiat\bootstrap\app.php", "PHP", 17, 0, 0, 0, 0, 0, 0, 0, 30, 9, 56
"c:\laragon\www\rhtabiat\composer.json", "JSON", 0, 0, 0, 0, 75, 0, 0, 0, 0, 0, 75
"c:\laragon\www\rhtabiat\composer.lock", "JSON", 0, 0, 0, 0, 10392, 0, 0, 0, 0, 1, 10393
"c:\laragon\www\rhtabiat\config\app.php", "PHP", 100, 0, 0, 0, 0, 0, 0, 0, 135, 56, 291
"c:\laragon\www\rhtabiat\config\auth.php", "PHP", 42, 0, 0, 0, 0, 0, 0, 0, 70, 16, 128
"c:\laragon\www\rhtabiat\config\broadcasting.php", "PHP", 30, 0, 0, 0, 0, 0, 0, 0, 22, 13, 65
"c:\laragon\www\rhtabiat\config\cache.php", "PHP", 55, 0, 0, 0, 0, 0, 0, 0, 34, 18, 107
"c:\laragon\www\rhtabiat\config\cors.php", "PHP", 3, 0, 0, 0, 0, 0, 0, 0, 29, 3, 35
"c:\laragon\www\rhtabiat\config\database.php", "PHP", 82, 0, 0, 0, 0, 0, 0, 0, 45, 22, 149
"c:\laragon\www\rhtabiat\config\filesystems.php", "PHP", 28, 0, 0, 0, 0, 0, 0, 0, 32, 13, 73
"c:\laragon\www\rhtabiat\config\hashing.php", "PHP", 12, 0, 0, 0, 0, 0, 0, 0, 32, 9, 53
"c:\laragon\www\rhtabiat\config\jwt.php", "PHP", 32, 0, 0, 0, 0, 0, 0, 0, 229, 44, 305
"c:\laragon\www\rhtabiat\config\laravel-fulltext.php", "PHP", 12, 0, 0, 0, 0, 0, 0, 0, 10, 6, 28
"c:\laragon\www\rhtabiat\config\logging.php", "PHP", 65, 0, 0, 0, 0, 0, 0, 0, 24, 17, 106
"c:\laragon\www\rhtabiat\config\mail.php", "PHP", 46, 0, 0, 0, 0, 0, 0, 0, 47, 18, 111
"c:\laragon\www\rhtabiat\config\meilisearch.php", "PHP", 5, 0, 0, 0, 0, 0, 0, 0, 27, 7, 39
"c:\laragon\www\rhtabiat\config\queue.php", "PHP", 47, 0, 0, 0, 0, 0, 0, 0, 32, 15, 94
"c:\laragon\www\rhtabiat\config\scout.php", "PHP", 17, 0, 0, 0, 0, 0, 0, 0, 84, 19, 120
"c:\laragon\www\rhtabiat\config\services.php", "PHP", 16, 0, 0, 0, 0, 0, 0, 0, 11, 7, 34
"c:\laragon\www\rhtabiat\config\session.php", "PHP", 22, 0, 0, 0, 0, 0, 0, 0, 147, 33, 202
"c:\laragon\www\rhtabiat\config\view.php", "PHP", 10, 0, 0, 0, 0, 0, 0, 0, 20, 7, 37
"c:\laragon\www\rhtabiat\database\factories\AddressFactory.php", "PHP", 23, 0, 0, 0, 0, 0, 0, 0, 0, 5, 28
"c:\laragon\www\rhtabiat\database\factories\AdminFactory.php", "PHP", 15, 0, 0, 0, 0, 0, 0, 0, 10, 5, 30
"c:\laragon\www\rhtabiat\database\factories\ArticleCategoryFactory.php", "PHP", 14, 0, 0, 0, 0, 0, 0, 0, 0, 5, 19
"c:\laragon\www\rhtabiat\database\factories\ArticleFactory.php", "PHP", 22, 0, 0, 0, 0, 0, 0, 0, 0, 5, 27
"c:\laragon\www\rhtabiat\database\factories\CommentFactory.php", "PHP", 25, 0, 0, 0, 0, 0, 0, 0, 10, 10, 45
"c:\laragon\www\rhtabiat\database\factories\MessageFactory.php", "PHP", 17, 0, 0, 0, 0, 0, 0, 0, 0, 5, 22
"c:\laragon\www\rhtabiat\database\factories\OrderFactory.php", "PHP", 16, 0, 0, 0, 0, 0, 0, 0, 0, 5, 21
"c:\laragon\www\rhtabiat\database\factories\PosterFactory.php", "PHP", 14, 0, 0, 0, 0, 0, 0, 0, 0, 5, 19
"c:\laragon\www\rhtabiat\database\factories\ProductCategoryFactory.php", "PHP", 16, 0, 0, 0, 0, 0, 0, 0, 0, 5, 21
"c:\laragon\www\rhtabiat\database\factories\ProductFactory.php", "PHP", 21, 0, 0, 0, 0, 0, 0, 0, 0, 9, 30
"c:\laragon\www\rhtabiat\database\factories\ProductItemFactory.php", "PHP", 17, 0, 0, 0, 0, 0, 0, 0, 10, 5, 32
"c:\laragon\www\rhtabiat\database\factories\UserDetailFactory.php", "PHP", 17, 0, 0, 0, 0, 0, 0, 0, 0, 5, 22
"c:\laragon\www\rhtabiat\database\factories\UserFactory.php", "PHP", 14, 0, 0, 0, 0, 0, 0, 0, 0, 5, 19
"c:\laragon\www\rhtabiat\database\migrations\2014_10_12_000000_create_users_table.php", "PHP", 19, 0, 0, 0, 0, 0, 0, 0, 0, 4, 23
"c:\laragon\www\rhtabiat\database\migrations\2014_10_12_100000_create_password_resets_table.php", "PHP", 21, 0, 0, 0, 0, 0, 0, 0, 0, 4, 25
"c:\laragon\www\rhtabiat\database\migrations\2019_08_19_000000_create_failed_jobs_table.php", "PHP", 23, 0, 0, 0, 0, 0, 0, 0, 10, 4, 37
"c:\laragon\www\rhtabiat\database\migrations\2021_02_27_170219_create_images_table.php", "PHP", 23, 0, 0, 0, 0, 0, 0, 0, 0, 4, 27
"c:\laragon\www\rhtabiat\database\migrations\2021_03_20_104908_create_banners_table.php", "PHP", 19, 0, 0, 0, 0, 0, 0, 0, 0, 4, 23
"c:\laragon\www\rhtabiat\database\migrations\2021_03_20_141100_create_admins_table.php", "PHP", 20, 0, 0, 0, 0, 0, 0, 0, 10, 4, 34
"c:\laragon\www\rhtabiat\database\migrations\2021_03_21_092651_create_article_categories_table.php", "PHP", 19, 0, 0, 0, 0, 0, 0, 0, 0, 4, 23
"c:\laragon\www\rhtabiat\database\migrations\2021_03_21_115431_create_phones_table.php", "PHP", 20, 0, 0, 0, 0, 0, 0, 0, 10, 4, 34
"c:\laragon\www\rhtabiat\database\migrations\2021_03_21_164651_create_articles_table.php", "PHP", 27, 0, 0, 0, 0, 0, 0, 0, 0, 4, 31
"c:\laragon\www\rhtabiat\database\migrations\2021_03_21_170959_create_addresses_table.php", "PHP", 27, 0, 0, 0, 0, 0, 0, 0, 0, 4, 31
"c:\laragon\www\rhtabiat\database\migrations\2021_03_21_222317_create_login_codes_table.php", "PHP", 20, 0, 0, 0, 0, 0, 0, 0, 10, 4, 34
"c:\laragon\www\rhtabiat\database\migrations\2021_03_22_131445_create_comments_table.php", "PHP", 25, 0, 0, 0, 0, 0, 0, 0, 10, 4, 39
"c:\laragon\www\rhtabiat\database\migrations\2021_03_25_130529_create_user_details_table.php", "PHP", 22, 0, 0, 0, 0, 0, 0, 0, 0, 4, 26
"c:\laragon\www\rhtabiat\database\migrations\2021_03_25_131046_create_verification_codes_table.php", "PHP", 21, 0, 0, 0, 0, 0, 0, 0, 0, 4, 25
"c:\laragon\www\rhtabiat\database\migrations\2021_03_29_123454_create_discount_code_groups_table.php", "PHP", 23, 0, 0, 0, 0, 0, 0, 0, 0, 5, 28
"c:\laragon\www\rhtabiat\database\migrations\2021_03_29_181625_create_messages_table.php", "PHP", 22, 0, 0, 0, 0, 0, 0, 0, 0, 4, 26
"c:\laragon\www\rhtabiat\database\migrations\2021_03_30_030211_create_discount_codes_table.php", "PHP", 21, 0, 0, 0, 0, 0, 0, 0, 0, 4, 25
"c:\laragon\www\rhtabiat\database\migrations\2021_03_30_085528_create_orders_table.php", "PHP", 24, 0, 0, 0, 0, 0, 0, 0, 0, 4, 28
"c:\laragon\www\rhtabiat\database\migrations\2021_03_31_094036_create_carts_table.php", "PHP", 19, 0, 0, 0, 0, 0, 0, 0, 0, 4, 23
"c:\laragon\www\rhtabiat\database\migrations\2021_03_31_094232_create_cart_product_table.php", "PHP", 18, 0, 0, 0, 0, 0, 0, 0, 2, 4, 24
"c:\laragon\www\rhtabiat\database\migrations\2021_04_01_105346_create_product_categories_table.php", "PHP", 23, 0, 0, 0, 0, 0, 0, 0, 0, 4, 27
"c:\laragon\www\rhtabiat\database\migrations\2021_04_01_135158_create_products_table.php", "PHP", 28, 0, 0, 0, 0, 0, 0, 0, 5, 4, 37
"c:\laragon\www\rhtabiat\database\migrations\2021_04_01_142830_create_product_items_table.php", "PHP", 22, 0, 0, 0, 0, 0, 0, 0, 10, 4, 36
"c:\laragon\www\rhtabiat\database\migrations\2021_04_03_081728_create_order_product_item_table.php", "PHP", 24, 0, 0, 0, 0, 0, 0, 0, 10, 4, 38
"c:\laragon\www\rhtabiat\database\migrations\2021_04_06_160313_create_cart_product_item_table.php", "PHP", 20, 0, 0, 0, 0, 0, 0, 0, 10, 4, 34
"c:\laragon\www\rhtabiat\database\migrations\2021_04_09_214427_create_provinces_table.php", "PHP", 18, 0, 0, 0, 0, 0, 0, 0, 10, 4, 32
"c:\laragon\www\rhtabiat\database\migrations\2021_04_09_220506_create_cities_table.php", "PHP", 19, 0, 0, 0, 0, 0, 0, 0, 10, 4, 33
"c:\laragon\www\rhtabiat\database\migrations\2021_04_11_205323_create_transactions_table.php", "PHP", 23, 0, 0, 0, 0, 0, 0, 0, 0, 4, 27
"c:\laragon\www\rhtabiat\database\migrations\2021_04_23_213720_create_logs_table.php", "PHP", 20, 0, 0, 0, 0, 0, 0, 0, 0, 4, 24
"c:\laragon\www\rhtabiat\database\migrations\2021_04_28_175039_create_guest_orders_table.php", "PHP", 26, 0, 0, 0, 0, 0, 0, 0, 0, 4, 30
"c:\laragon\www\rhtabiat\database\migrations\2021_05_19_010514_create_return_requests_table.php", "PHP", 23, 0, 0, 0, 0, 0, 0, 0, 0, 4, 27
"c:\laragon\www\rhtabiat\database\migrations\2021_06_15_104929_add_is_best_selling_to_products_table.php", "PHP", 19, 0, 0, 0, 0, 0, 0, 0, 0, 4, 23
"c:\laragon\www\rhtabiat\database\migrations\2021_06_15_111244_add_price_to_products.php", "PHP", 19, 0, 0, 0, 0, 0, 0, 0, 0, 4, 23
"c:\laragon\www\rhtabiat\database\migrations\2021_07_07_213541_add_group_to_images_table.php", "PHP", 19, 0, 0, 0, 0, 0, 0, 0, 10, 4, 33
"c:\laragon\www\rhtabiat\database\migrations\2021_07_10_171105_add_is_server_serve_to_images.php", "PHP", 19, 0, 0, 0, 0, 0, 0, 0, 10, 4, 33
"c:\laragon\www\rhtabiat\database\migrations\2021_07_12_101730_add_package_price_to_products_table.php", "PHP", 19, 0, 0, 0, 0, 0, 0, 0, 10, 4, 33
"c:\laragon\www\rhtabiat\database\migrations\2021_07_12_105401_add_package_price_to_orders_table.php", "PHP", 19, 0, 0, 0, 0, 0, 0, 0, 10, 4, 33
"c:\laragon\www\rhtabiat\database\migrations\2021_08_05_161028_add_link_field_to_banners_table.php", "PHP", 19, 0, 0, 0, 0, 0, 0, 0, 10, 4, 33
"c:\laragon\www\rhtabiat\database\migrations\2021_08_05_181006_create_promo_codes_table.php", "PHP", 29, 0, 0, 0, 0, 0, 0, 0, 10, 4, 43
"c:\laragon\www\rhtabiat\database\migrations\2021_08_11_175911_add_promo_code_id_field_to_orders_table.php", "PHP", 21, 0, 0, 0, 0, 0, 0, 0, 10, 4, 35
"c:\laragon\www\rhtabiat\database\migrations\2021_08_17_183734_add_unit_to_products_table.php", "PHP", 19, 0, 0, 0, 0, 0, 0, 0, 10, 4, 33
"c:\laragon\www\rhtabiat\database\migrations\2021_08_17_184529_remove_unique_index_from_name_in_products_table.php", "PHP", 19, 0, 0, 0, 0, 0, 0, 0, 10, 4, 33
"c:\laragon\www\rhtabiat\database\seeders\AdminSeeder.php", "PHP", 32, 0, 0, 0, 0, 0, 0, 0, 5, 5, 42
"c:\laragon\www\rhtabiat\database\seeders\ArticleCategorySeeder.php", "PHP", 15, 0, 0, 0, 0, 0, 0, 0, 0, 4, 19
"c:\laragon\www\rhtabiat\database\seeders\BannerSeeder.php", "PHP", 61, 0, 0, 0, 0, 0, 0, 0, 5, 4, 70
"c:\laragon\www\rhtabiat\database\seeders\CitySeeder.php", "PHP", 22, 0, 0, 0, 0, 0, 0, 0, 5, 6, 33
"c:\laragon\www\rhtabiat\database\seeders\CommentSeeder.php", "PHP", 26, 0, 0, 0, 0, 0, 0, 0, 0, 5, 31
"c:\laragon\www\rhtabiat\database\seeders\DatabaseSeeder.php", "PHP", 13, 0, 0, 0, 0, 0, 0, 0, 11, 4, 28
"c:\laragon\www\rhtabiat\database\seeders\OrderSeeder.php", "PHP", 9, 0, 0, 0, 0, 0, 0, 0, 6, 4, 19
"c:\laragon\www\rhtabiat\database\seeders\ProductCategorySeeder.php", "PHP", 17, 0, 0, 0, 0, 0, 0, 0, 0, 5, 22
"c:\laragon\www\rhtabiat\database\seeders\ProductItemSeeder.php", "PHP", 24, 0, 0, 0, 0, 0, 0, 0, 0, 8, 32
"c:\laragon\www\rhtabiat\database\seeders\ProductSeeder.php", "PHP", 17, 0, 0, 0, 0, 0, 0, 0, 0, 4, 21
"c:\laragon\www\rhtabiat\database\seeders\ProvinceSeeder.php", "PHP", 18, 0, 0, 0, 0, 0, 0, 0, 5, 5, 28
"c:\laragon\www\rhtabiat\docker-compose.yml", "YAML", 0, 0, 0, 0, 0, 0, 59, 0, 1, 1, 61
"c:\laragon\www\rhtabiat\package.json", "JSON", 0, 0, 0, 0, 18, 0, 0, 0, 0, 1, 19
"c:\laragon\www\rhtabiat\phpunit.xml", "XML", 0, 0, 0, 0, 0, 29, 0, 0, 2, 1, 32
"c:\laragon\www\rhtabiat\public\index.php", "PHP", 14, 0, 0, 0, 0, 0, 0, 0, 30, 12, 56
"c:\laragon\www\rhtabiat\resources\css\app.css", "CSS", 0, 0, 0, 0, 0, 0, 0, 0, 0, 1, 1
"c:\laragon\www\rhtabiat\resources\js\app.js", "JavaScript", 0, 0, 1, 0, 0, 0, 0, 0, 0, 1, 2
"c:\laragon\www\rhtabiat\resources\js\bootstrap.js", "JavaScript", 0, 0, 3, 0, 0, 0, 0, 0, 18, 8, 29
"c:\laragon\www\rhtabiat\resources\lang\en\auth.php", "PHP", 6, 0, 0, 0, 0, 0, 0, 0, 10, 5, 21
"c:\laragon\www\rhtabiat\resources\lang\en\pagination.php", "PHP", 5, 0, 0, 0, 0, 0, 0, 0, 10, 5, 20
"c:\laragon\www\rhtabiat\resources\lang\en\passwords.php", "PHP", 8, 0, 0, 0, 0, 0, 0, 0, 10, 5, 23
"c:\laragon\www\rhtabiat\resources\lang\en\validation.php", "PHP", 116, 0, 0, 0, 0, 0, 0, 0, 30, 9, 155
"c:\laragon\www\rhtabiat\resources\lang\fa\messages.php", "PHP", 37, 0, 0, 0, 0, 0, 0, 0, 0, 14, 51
"c:\laragon\www\rhtabiat\resources\lang\fa\validation.php", "PHP", 127, 0, 0, 0, 0, 0, 0, 0, 20, 8, 155
"c:\laragon\www\rhtabiat\resources\views\welcome.blade.php", "PHP", 113, 0, 0, 0, 0, 0, 0, 0, 0, 20, 133
"c:\laragon\www\rhtabiat\routes\api.php", "PHP", 156, 0, 0, 0, 0, 0, 0, 0, 2, 29, 187
"c:\laragon\www\rhtabiat\routes\channels.php", "PHP", 5, 0, 0, 0, 0, 0, 0, 0, 10, 4, 19
"c:\laragon\www\rhtabiat\routes\console.php", "PHP", 6, 0, 0, 0, 0, 0, 0, 0, 10, 4, 20
"c:\laragon\www\rhtabiat\routes\web.php", "PHP", 2, 0, 0, 0, 0, 0, 0, 0, 10, 4, 16
"c:\laragon\www\rhtabiat\server.php", "PHP", 8, 0, 0, 0, 0, 0, 0, 0, 9, 5, 22
"c:\laragon\www\rhtabiat\tests\CreatesApplication.php", "PHP", 12, 0, 0, 0, 0, 0, 0, 0, 5, 6, 23
"c:\laragon\www\rhtabiat\tests\Feature\ExampleTest.php", "PHP", 12, 0, 0, 0, 0, 0, 0, 0, 5, 5, 22
"c:\laragon\www\rhtabiat\tests\TestCase.php", "PHP", 7, 0, 0, 0, 0, 0, 0, 0, 0, 4, 11
"c:\laragon\www\rhtabiat\tests\Unit\ExampleTest.php", "PHP", 6, 0, 0, 0, 0, 0, 0, 0, 0, 5, 11
"c:\laragon\www\rhtabiat\tests\Unit\ImageTest.php", "PHP", 28, 0, 0, 0, 0, 0, 0, 0, 5, 10, 43
"c:\laragon\www\rhtabiat\vendor\facade\ignition\resources\compiled\ignition.js", "JavaScript", 0, 0, 5, 0, 0, 0, 0, 0, 27, 0, 32
"c:\laragon\www\rhtabiat\vendor\facade\ignition\resources\compiled\index.html", "HTML", 0, 12, 0, 0, 0, 0, 0, 0, 0, 1, 13
"c:\laragon\www\rhtabiat\webpack.mix.js", "JavaScript", 0, 0, 4, 0, 0, 0, 0, 0, 11, 3, 18
"Total", "-", 16406, 12, 13, 0, 10485, 405, 72, 42, 15084, 2449, 44968